{
	"format_version": "1.21.11",
	"credit": "Made with Blockbench",
	"texture_size": [64, 64],
	"elements": [
		{
			"name": "Door bottom",
			"from": [0, 0, 0],
			"to": [16, 15, 2],
			"faces": {
				"north": {"uv": [0.5, 0.5, 4.5, 4.25], "texture": "#missing"},
				"east": {"uv": [0, 0.5, 0.5, 4.25], "texture": "#missing"},
				"south": {"uv": [5, 0.5, 9, 4.25], "texture": "#missing"},
				"west": {"uv": [4.5, 0.5, 5, 4.25], "texture": "#missing"},
				"up": {"uv": [4.5, 0.5, 0.5, 0], "texture": "#missing"},
				"down": {"uv": [8.5, 0, 4.5, 0.5], "texture": "#missing"}
			}
		},
		{
			"name": "Door top",
			"from": [0, 15, 0],
			"to": [3.2, 30, 2],
			"rotation": {"angle": 0, "axis": "y", "origin": [-12.8, 15, 0]},
			"faces": {
				"north": {"uv": [5, 4.75, 5.75, 8.5], "texture": "#missing"},
				"east": {"uv": [4.5, 4.75, 5, 8.5], "texture": "#missing"},
				"south": {"uv": [6.25, 4.75, 7, 8.5], "texture": "#missing"},
				"west": {"uv": [5.75, 4.75, 6.25, 8.5], "texture": "#missing"},
				"up": {"uv": [5.75, 4.75, 5, 4.25], "texture": "#missing"},
				"down": {"uv": [6.5, 4.25, 5.75, 4.75], "texture": "#missing"}
			}
		},
		{
			"name": "Door top",
			"from": [3.2, 15, 0.6],
			"to": [12.8, 27.4, 1.5],
			"rotation": {"angle": 0, "axis": "y", "origin": [0, 13.4, -1.8]},
			"faces": {
				"north": {"uv": [11.5, 0.5, 13.75, 3.5], "texture": "#missing"},
				"east": {"uv": [11.5, 0.5, 11.5, 3.5], "texture": "#missing"},
				"south": {"uv": [13.75, 0.5, 16, 3.5], "texture": "#missing"},
				"west": {"uv": [13.75, 0.5, 13.75, 3.5], "texture": "#missing"},
				"up": {"uv": [13.75, 0.5, 11.5, 0.5], "texture": "#missing"},
				"down": {"uv": [16, 0.5, 13.75, 0.5], "texture": "#missing"}
			}
		},
		{
			"name": "Door top",
			"from": [12.8, 15, 0],
			"to": [16, 30, 2],
			"rotation": {"angle": 0, "axis": "y", "origin": [0, 15, 0]},
			"faces": {
				"north": {"uv": [7.5, 4.75, 8.25, 8.5], "texture": "#missing"},
				"east": {"uv": [7, 4.75, 7.5, 8.5], "texture": "#missing"},
				"south": {"uv": [8.75, 4.75, 9.5, 8.5], "texture": "#missing"},
				"west": {"uv": [8.25, 4.75, 8.75, 8.5], "texture": "#missing"},
				"up": {"uv": [8.25, 4.75, 7.5, 4.25], "texture": "#missing"},
				"down": {"uv": [9, 4.25, 8.25, 4.75], "texture": "#missing"}
			}
		},
		{
			"name": "Door top",
			"from": [3.2, 27.2, 0],
			"to": [12.8, 30, 2],
			"rotation": {"angle": 0, "axis": "y", "origin": [-3.2, 15, 0]},
			"faces": {
				"north": {"uv": [0.5, 9, 2.75, 9.5], "texture": "#missing"},
				"east": {"uv": [0, 9, 0.5, 9.5], "texture": "#missing"},
				"south": {"uv": [3.25, 9, 5.5, 9.5], "texture": "#missing"},
				"west": {"uv": [2.75, 9, 3.25, 9.5], "texture": "#missing"},
				"up": {"uv": [2.75, 9, 0.5, 8.5], "texture": "#missing"},
				"down": {"uv": [5, 8.5, 2.75, 9], "texture": "#missing"}
			}
		},
		{
			"name": "doornob",
			"from": [13.8, 13.9, -1],
			"to": [15, 15.1, 0.9],
			"rotation": {"angle": 0, "axis": "y", "origin": [-0.1, 0, -3]},
			"faces": {
				"north": {"uv": [3.25, 7.5, 3.5, 7.75], "texture": "#missing"},
				"east": {"uv": [3, 7.5, 3.25, 7.75], "texture": "#missing"},
				"south": {"uv": [3.75, 7.5, 4, 7.75], "texture": "#missing"},
				"west": {"uv": [3.5, 7.5, 3.75, 7.75], "texture": "#missing"},
				"up": {"uv": [3.5, 7.5, 3.25, 7.25], "texture": "#missing"},
				"down": {"uv": [3.75, 7.25, 3.5, 7.5], "texture": "#missing"}
			}
		},
		{
			"name": "doornob",
			"from": [13.3, 13.5, -2],
			"to": [15.4, 15.6, -1],
			"rotation": {"angle": 0, "axis": "y", "origin": [-0.1, 0, -3.9]},
			"faces": {
				"north": {"uv": [0.25, 7.5, 0.75, 8], "texture": "#missing"},
				"east": {"uv": [0, 7.5, 0.25, 8], "texture": "#missing"},
				"south": {"uv": [1, 7.5, 1.5, 8], "texture": "#missing"},
				"west": {"uv": [0.75, 7.5, 1, 8], "texture": "#missing"},
				"up": {"uv": [0.75, 7.5, 0.25, 7.25], "texture": "#missing"},
				"down": {"uv": [1.25, 7.25, 0.75, 7.5], "texture": "#missing"}
			}
		},
		{
			"name": "doornob",
			"from": [13.3, 13.5, 2.9],
			"to": [15.4, 15.6, 3.9],
			"rotation": {"angle": 0, "axis": "y", "origin": [-0.1, 0, 1]},
			"faces": {
				"north": {"uv": [1.75, 7.5, 2.25, 8], "texture": "#missing"},
				"east": {"uv": [1.5, 7.5, 1.75, 8], "texture": "#missing"},
				"south": {"uv": [2.5, 7.5, 3, 8], "texture": "#missing"},
				"west": {"uv": [2.25, 7.5, 2.5, 8], "texture": "#missing"},
				"up": {"uv": [2.25, 7.5, 1.75, 7.25], "texture": "#missing"},
				"down": {"uv": [2.75, 7.25, 2.25, 7.5], "texture": "#missing"}
			}
		},
		{
			"name": "doornob",
			"from": [13.8, 13.9, 1],
			"to": [15, 15.1, 2.9],
			"rotation": {"angle": 0, "axis": "y", "origin": [-0.1, 0, 0]},
			"faces": {
				"north": {"uv": [3.25, 8, 3.5, 8.25], "texture": "#missing"},
				"east": {"uv": [3, 8, 3.25, 8.25], "texture": "#missing"},
				"south": {"uv": [3.75, 8, 4, 8.25], "texture": "#missing"},
				"west": {"uv": [3.5, 8, 3.75, 8.25], "texture": "#missing"},
				"up": {"uv": [3.5, 8, 3.25, 7.75], "texture": "#missing"},
				"down": {"uv": [3.75, 7.75, 3.5, 8], "texture": "#missing"}
			}
		}
	],
	"display": {
		"thirdperson_righthand": {
			"rotation": [-0.27, -3.42, 1.67],
			"translation": [0, 0, 2.5],
			"scale": [0.36719, 0.36719, 0.36719]
		},
		"thirdperson_lefthand": {
			"rotation": [-0.27, -3.42, 1.67],
			"translation": [0, 0, 2.5],
			"scale": [0.36719, 0.36719, 0.36719]
		},
		"firstperson_righthand": {
			"rotation": [-7.76, 17.08, 5.37],
			"translation": [9.75, -4.5, 0],
			"scale": [0.55273, 0.55273, 0.55273]
		},
		"firstperson_lefthand": {
			"rotation": [-7.76, 17.08, 5.37],
			"translation": [9.75, -4.5, 0],
			"scale": [0.55273, 0.55273, 0.55273]
		},
		"ground": {
			"translation": [0, 0.75, 0],
			"scale": [0.32422, 0.32422, 0.32422]
		},
		"gui": {
			"rotation": [-17, -31.5, 0],
			"translation": [-1, -2, 0],
			"scale": [0.41406, 0.41406, 0.41406]
		},
		"fixed": {
			"translation": [0, -2, 3.75],
			"scale": [0.51953, 0.51953, 0.51953]
		},
		"on_shelf": {
			"translation": [0, -5, 5.25],
			"scale": [0.64648, 0.64648, 0.64648]
		}
	},
	"groups": [
		0,
		{
			"name": "top",
			"origin": [-12.8, 15, 0],
			"color": 0,
			"children": [1, 2, 3, 4]
		},
		{
			"name": "doornob",
			"origin": [-0.1, 0, -3],
			"color": 0,
			"children": [5, 6, 7, 8]
		}
	]
}